Codigo,Descripcion,Stock_Min_Definido,Stock_Max_Definido,Stock_Admin_Calculado,Total_en_Lotes,Diferencia_Fisica
ME02N00X006                   ,TAPA ENVASE 200 / 500 DE 53 MM FLAT CON LINER UNID. (AZUL PIPITA),0.0,0.0,2907225.0,404652.748,404652.748
ME02N00X022                   ,TAPA ENVASE MED TWIST OFF BOTON 30 MM/NEGRO KETCHUP 397 / 198grs,0.0,0.0,191010.0,350995.0,350995.0
ME02N00X012                   ,TAPA 63 MM FLAT CON LINER (NEGRA DDB),0.0,0.0,613592.0,271108.4,271108.4
ME02N00X015                   ,TAPA ENVASE 200 DE 53 MM FLAT CON LINER UNID. (DDB NEGRA),0.0,0.0,406469.0,248203.8,248203.8
ST01P01X001                   ,MAYONESA PIPITA GRANEL KG,0.0,0.0,2939205.0474,231600.3157,231600.3157
ME03P01X003                   ,ETIQUETA MAYONESA ECONOMICA 500 G. MARCA PIPITA UNID.,0.0,0.0,1316189.0,187000.8,187000.8
ME01N00X039                   ,ENVASE PEAD 200 G. PARA SQUEEZE UNID.,0.0,0.0,1067843.0,166264.1,166264.1
ME03D01X003                   ,ETIQUETA MAYONESA PREMIUM 500 G. MARCA LAS DELICIAS DE BELEN UNID.,0.0,0.0,487834.0,165934.8,165934.8
ME03P01X005                   ,ETIQUETA MAYONESA ECONOMICA 175 G. MARCA PIPITA UNID.,0.0,0.0,1705583.0,158827.4,158827.4
ME01N00X043                   ,ENVASE 196 G. PEAD MAYONESA UNID.,0.0,0.0,1192959.1,135291.8,135291.8
ME01N00X036                   ,ENVASE GENERICO 445 CC PE NAT RECT,0.0,0.0,902244.4,129350.948,129350.948
ME03D01X005                   ,ETIQUETA MAYONESA PREMIUM 200 G. MARCA LAS DELICIAS DE BELEN UNID.,0.0,0.0,337702.0,127067.0,127067.0
ST01D01X001                   ,MAYONESA DELICIAS DE BELEN GRANEL KG,0.0,0.0,969637.69556,114953.09444,114953.09444
ME02N00X010                   ,TAPA FLIPTOP SQUEEZE 200 G 33 MM (AZUL PIPITA) UNID.,0.0,0.0,1166319.0,113068.4,113068.4
PT02D01X020                   ,Las Delicias de Belén Ketchup premium Tradicional Vidrio 397g,0.0,0.0,123600.0,108081.0,108081.0
ME02N00X020                   ,PRECINTO 53mm TAPA MAYONESA DDB,0.0,0.0,82500.0,107500.0,107500.0
ME02N00X002                   ,TAPA ENVASE 70 MM METALICA MERMELADA Y DESHIDRATADOS (NEGRA) UNID.,0.0,0.0,352869.0,96201.8,96201.8
ME02N00X021                   ,PRECINTO 63MM TAPA MAYONESA DDB,0.0,0.0,48000.0,96000.0,96000.0
ME03P01X006                   ,ETIQUETA MAYONESA SQUEEZE 200 G. (TIRO)  MARCA PIPITA UNID.,0.0,0.0,1124803.0,93110.4,93110.4
ME01N00X045                   ,ENVASE BOTELLA 508 ML PET,0.0,0.0,241321.0,89796.8,89796.8
ME03P01X007                   ,ETIQUETA MAYONESA SQUEEZE 200 G. (RETIRO)  MARCA PIPITA UNID.,0.0,0.0,1002232.0,88995.7,88995.7
MP01N00X153                   ,AZUCAR BLANCA REFINADA KG,0.0,0.0,103117.53157,79987.28368,79987.28368
ME01N00X021                   ,ENVASE KETCHUP 198 G. VIDRIO UNID.,0.0,0.0,66468.0,79332.0,79332.0
MP01N00X141                   ,PASTA DE TOMATE CON 30-32 BRIX KG,0.0,0.0,,76582.0,76582.0
MP01N00X143                   ,ACEITE DE SOYA KG,0.0,0.0,1393845.1495,71485.18147,71485.18147
ME01N00X046                   ,ENVASE BOTELLA 210ML PET,0.0,0.0,116429.0,68178.0,68178.0
ME02N00X017                   ,TAPA ENVASE 70 MM METALICA MERMELADA Y DESHIDRATADOS CERO (BLANCO) UNID.,0.0,0.0,3208.0,64000.0,64000.0
ME03D01X007                   ,ETIQUETA KETCHUP PRESENTACION 397 G. MARCA LAS DELICIAS DE BELEN UNID.,0.0,0.0,124352.0,61648.0,61648.0
ME03D01X017                   ,ETIQUETA CUELLOS  KETCHUP PRESENTACION 397 GR. MARCA LAS DELICIAS DE BELEN UNID.,0.0,0.0,125500.0,60500.0,60500.0
ME03D01X009                   ,ETIQUETA KETCHUP PRESENTACION 198 G. MARCA LAS DELICIAS DE BELEN UNID.,0.0,0.0,66084.0,58416.0,58416.0
ME03D01X011                   ,ETIQUETA CUELLOS  KETCHUP PRESENTACION 198 GR. MARCA LAS DELICIAS DE BELEN UNID.,0.0,0.0,68234.0,56266.0,56266.0
ME01N00X031                   ,ENVASE BOTELLA 204 CC CRISTAL DN BOLSA X 190,0.0,0.0,266196.0,56100.0,56100.0
PT02D01X021                   ,Las Delicias de Belén Ketchup premium Tradicional Vidrio 198g,0.0,0.0,65232.0,52386.0,52386.0
ME01N00X026                   ,ENVASE 200 G. VIDRIO MERMELADAS UNID.,0.0,0.0,433168.0,49553.08,49553.08
MP04N00X019                   ,VINAGRE KG,0.0,0.0,66998.98097,48208.24715,48208.24715
ME03D01X002                   ,ETIQUETA MAYONESA PREMIUM 900 G. MARCA LAS DELICIAS DE BELEN UNID.,0.0,0.0,108712.0,47738.8,47738.8
ME03P01X001                   ,ETIQUETA MAYONESA ECONOMICA GALON MARCA PIPITA UNID.,0.0,0.0,217928.2,36522.88,36522.88
ME01N00X004                   ,ENVASE 900 G. PET MAYONESA UNID.,0.0,0.0,114773.0,36517.5,36517.5
ME03D01X001                   ,ETIQUETA MAYONESA PREMIUM GALON MARCA LAS DELICIAS DE BELEN UNID.,0.0,0.0,44868.0,34102.0,34102.0
ME02N00X018                   ,PRECINTO TAPA MERMELADA,0.0,0.0,258508.0,32253.7,32253.7
PT01P01X013                   ,PIPITA Mayonesa Tradicional PEAD 175g,0.0,0.0,1304153.0,30528.0,30528.0
ME01N00X002                   ,"ENVASE GALON PEAD (3,520 ML) UNID.",0.0,0.0,255364.2,30061.68,30061.68
PT01D01X019                   ,Las Delicias de Belén Mayonesa Premium Tradicional PET 445g,0.0,0.0,470618.0,27570.0,27570.0
PT01P01X012                   ,PIPITA Mayonesa Tradicional PEAD 445g,0.0,1000.0,1164765.97211,26719.22789,26719.22789
PT01D01X026                   ,Las Delicias de Belén Mayonesa Premium Tradicional PET 175g,0.0,0.0,313433.0,25377.0,25377.0
ME03D01X006                   ,ETIQUETA SALSA A BASE DE TOMATE  PRESENTACION 3.85 KG GALON  MARCA LAS DELICIAS DE BELEN UNID.,0.0,0.0,,25170.0,25170.0
ME02N00X014                   ,TAPA ENVASE 110 MM GALON UNID.(DDB NEGRA),0.0,0.0,50599.0,25078.9,25078.9
ME03D16X002                   ,ETIQUETA MERMELADA DE FRESA PREMIUM 250 G. MARCA LAS DELICIAS DE BELEN UNID.,0.0,0.0,75719.0,20905.6,20905.6
PT01P01X017                   ,PIPITA Mayonesa Tradicional PEAD Sqeeze 200g,0.0,0.0,829541.0,20013.0,20013.0
MP01N00X154                   ,SAL COMESTIBLE KG,0.0,0.0,24202.63177,19208.4797,19208.4797
ME01N00X018                   ,ENVASE KETCHUP 397 G. VIDRIO UNID.,0.0,0.0,125234.0,18874.0,18874.0
ME02N00X001                   ,TAPA ENVASE 110 MM GALON UNID. (AZUL),0.0,0.0,203427.6,18448.5,18448.5
ME03D18X002                   ,ETIQUETA MERMELADA DE GUAYABA PREMIUM 250 G. MARCA LAS DELICIAS DE BELEN UNID.,0.0,0.0,43534.0,18106.2,18106.2
ME05N00X004                   ,BANDEJA CARTON ARMABLE MAYONESA SQUEEZE 200G,0.0,0.0,74111.10441,14876.77336,14876.77336
ME05N00X008                   ,BANDEJA CARTON ARMABLE MERMELADA,0.0,0.0,30832.03,13242.665,13242.665
ME02N00X009                   ,TAPA ENVASE VIDRIO KETCHUP 30 MM UNID.,0.0,0.0,12900.0,12900.0,12900.0
ME05N00X009                   ,SEPARADOR DE CARTON PARA BANDEJA ARMABLE MERMELADA,0.0,0.0,29844.975,12763.485,12763.485
ME05N00X005                   ,BANDEJA CARTON ARMABLE MAYONESA 445G,0.0,0.0,91019.34471,11548.36555,11548.36555
MP01N00X155                   ,MOSTAZA PREPARADA KG,0.0,0.0,10981.31147,9666.81161,9666.81161
ME05N00X011                   ,BANDEJA CARTON ARMABLE MAYONESA ENVASE CILINDRICO 910G DELICIAS DE BELEN,0.0,0.0,7967.81011,8016.86431,8016.86431
ME05N00X006                   ,BANDEJA CARTON ARMABLE MAYONESA 175G,0.0,0.0,87178.47303,7824.70175,7824.70175
ME05N00X015                   ,BANDEJA ARMABLE SQUEEZE 240 G,0.0,0.0,,7387.0,7387.0
ME03D21X002                   ,ETIQUETA MERMELADA DE PARCHITA PREMIUM 250 G. MARCA LAS DELICIAS DE BELEN UNID.,0.0,0.0,11946.0,7376.8,7376.8
ME01N00X011                   ,ENVASE 200 G. PEAD MAYONESA UNID.,0.0,0.0,308033.0,7130.0,7130.0
PT01D01X014                   ,Las Delicias de Belén Mayonesa Premium Tradicional PET 910g,0.0,0.0,99564.0,7078.0,7078.0
ME05N00X007                   ,BANDEJA CARTON ARMABLE MAYONESA 3.3 KG,0.0,0.0,58422.61716,6532.69691,6532.69691
ME03D20X002                   ,ETIQUETA MERMELADA DE MORA PREMIUM 250 G. MARCA LAS DELICIAS DE BELEN UNID.,0.0,0.0,20014.0,6525.8,6525.8
ME05N00X014                   ,BANDEJA KETCHUP 198 G,0.0,0.0,2733.0,6167.0,6167.0
ST01D16X001                   ,MERMELADA DE FRESA A GRANEL POR KG,0.0,0.0,32549.795,6112.795,6112.795
PT02D01X028                   ,"Las Delicias de Belén Salsa a Base de Tomate Tradicional 3,85Kg",0.0,0.0,7492.0,6003.0,6003.0
ME04N00X015                   ,BOBINA PLASTICO TERMOENCOGIBLE 120 MICRAS GRANEL  1 KG,0.0,0.0,1392.06799,5712.63201,5712.63201
ME01N00X008                   ,ENVASE 500 G. PEAD MAYONESA UNID.,0.0,0.0,339644.0,4684.0,4684.0
ME04N00X001                   ,BOBINA PLASTICO TEROENCOGIBLE 90 MICRAS GRANEL  1 KG,0.0,0.0,10377.02062,4597.35075,4597.35075
ME05N00X013                   ,BANDEJA KETCHUP 397 G,0.0,0.0,5163.0,4370.0,4370.0
ME03D15X002                   ,ETIQUETA MERMELADA DE PIMENTON PICANTE PREMIUM 250 G. MARCA LAS DELICIAS DE BELEN UNID.,0.0,0.0,10384.0,3526.0,3526.0
ME03D24X003                   ,ETIQUETA MERMELADA DE DURAZNO PREMIUM 250 G. MARCA LAS DELICIAS DE BELEN UNID.,0.0,0.0,23842.0,3472.16,3472.16
MP04N00X022                   ,GOMA XANTHAM KG,0.0,0.0,4731.54442,3395.07954,3395.07954
PT01P01X011                   ,PIPITA Mayonesa Tradicional PEAD 3.3 kg,0.0,0.0,196396.0,3178.0,3178.0
ME05N00X010                   ,BANDEJA CARTON ARMABLE MAYONESA ENVASE CILINDRICO 445G DELICIAS DE BELEN,0.0,0.0,17686.15224,2894.87002,2894.87002
ME03D23X002                   ,ETIQUETA MERMELADA DE NARANJA PREMIUM 250 G. MARCA LAS DELICIAS DE BELEN UNID.,0.0,0.0,12513.0,2645.66,2645.66
ME03D17X002                   ,ETIQUETA MERMELADA DE PIÑA PREMIUM 250 G. MARCA LAS DELICIAS DE BELEN UNID.,0.0,0.0,11704.0,2596.0,2596.0
ME03D10X002                   ,ETIQUETA MERMELADA LECHOSA Y PIÑA PREMIUM 250 G. MARCA LAS DELICIAS DE BELEN UNID.,0.0,0.0,15612.0,2503.0,2503.0
ME02N00X007                   ,TAPA SALSAS FLIT TOP 38 MM CON LINER PEAD UNID.,0.0,0.0,2500.0,2500.0,2500.0
ME02N00X016                   ,TAPA FLIPTOP SQUEEZE 200 G 33 MM (NEGRA DDB) UNID.,0.0,0.0,2500.0,2500.0,2500.0
ME03D14X002                   ,ETIQUETA MERMELADA DE PIÑA RAYADA PICANTE PREMIUM 250 G. MARCA LAS DELICIAS DE BELEN UNID.,0.0,0.0,8350.0,2475.0,2475.0
MP01N00X102                   ,PULPA DE MANGO  KG,0.0,0.0,8720.82,2451.42,2451.42
PT01D01X011                   ,Las Delicias de Belén Mayonesa Premium Tradicional PET 3.3 Kg,0.0,0.0,37281.0,2144.0,2144.0
ME04N00X018                   ,BOBINA TEROENCOGIBLE 100 MICRAS 60CM,0.0,0.0,214.0,2040.0,2040.0
MP01N00X152                   ,YEMA DE HUEVO LIQUIDA KG,0.0,0.0,102379.88086,2012.4412,2012.4412
ME03D24X002                   ,ETIQUETA MERMELADA DE PIMENTON PREMIUM 250 G. MARCA LAS DELICIAS DE BELEN UNID.,0.0,0.0,13297.0,2009.6,2009.6
ME01N00X007                   ,ENVASE 500 G. PET MAYONESA UNID.,0.0,0.0,195276.0,2009.0,2009.0
ST01D18X001                   ,MERMELADA GUAYABA A GRANEL POR KG,0.0,0.0,19074.482,1969.082,1969.082
MP01N00X093                   ,PULPA DE GUAYABA 7-9 °BRIX  KG,0.0,0.0,13150.895,1804.685,1804.685
ST01D44X001                   ,MERMELADA DE DURAZNO A GRANEL POR KG,0.0,0.0,9245.54,1783.81,1783.81
ME01N00X010                   ,ENVASE 200 G. PET MAYONESA UNID.,0.0,0.0,80487.0,1601.0,1601.0
ST01D23X001                   ,MERMELADA DE NARANJA A GRANEL POR KG,0.0,0.0,4986.4,1595.3,1595.3
ME03D11X002                   ,ETIQUETA MERMELADA DE CEBOLLA Y UVAS PASAS PREMIUM 250 G. MARCA LAS DELICIAS DE BELEN UNID.,0.0,0.0,16098.0,1499.0,1499.0
ST01D20X001                   ,MERMELADA DE MORA A GRANEL POR KG,0.0,0.0,8404.82,1478.82,1478.82
ME04N00X019                   ,BOBINA TEROENCOGIBLE 100 MICRAS 50CM,0.0,0.0,342.6,1429.4,1429.4
MP03N00X001                   ,SABOR KETCHUP,0.0,0.0,502.21,1300.0,1300.0
MP01N00X042                   ,PARCHITA KG,0.0,0.0,11657.20255,1291.20085,1291.20085
ST01D21X001                   ,MERMELADA DE PARCHITA A GRANEL POR KG,0.0,0.0,4849.1,1261.6,1261.6
PT01P01X016                   ,PIPITA Mayonesa Tradicional Sachet 200g,0.0,0.0,6200.0,1150.0,1150.0
MP01N00X138                   ,LECHOZA VERDE RAYADA KG,0.0,0.0,3445.4544,1102.821,1102.821
PT04D44X001                   ,Delicias de Belén Mermelada Varietal Durazno 250g,0.0,0.0,18777.0,1058.0,1058.0
ME02N00X019                   ,TAPA ENVASE 70 MM METALICA MERMELADA (DORADA) UNID.,0.0,0.0,4880.0,1000.0,1000.0
MP01N00X036                   ,FRESA KG,0.0,0.0,12270.49454,934.3,934.3
MP04N00X020                   ,ACIDO ETILENDIAMINOTETRAACETICO (EDTA) KG,0.0,0.0,1625.78658,880.8404,880.8404
ST01D43X001                   ,MERMELADA DE PIMENTÓN A GRANEL POR KG,0.0,0.0,4463.25,854.75,854.75
PT04D16X001                   ,Delicias de Belén Mermelada Varietal Fresa 250g,0.0,0.0,65949.0,838.0,838.0
MP01N00X135                   ,PIÑA RAYADA FRUTA VERDE  KG,0.0,0.0,8241.719,813.759,813.759
MP01N00X114                   ,PIMENTON ROJO LICUADO SIN SEMILLAS  KG,0.0,0.0,7645.68552,811.86452,811.86452
ME03D13X002                   ,ETIQUETA MERMELADA DE AUYAMA Y NARANJA PREMIUM 250 G. MARCA LAS DELICIAS DE BELEN UNID.,0.0,0.0,11381.0,784.0,784.0
MP01N00X156                   ,SABOR ROMERO,0.0,0.0,446.45425,778.15903,778.15903
ST01D15X001                   ,MERMELADA PIMENTÓN PICANTE A GRANEL POR KG,0.0,0.0,3051.36,771.84,771.84
MP01N00X030                   ,PIÑA ENTERA  KG,0.0,0.0,9174.00153,759.60051,759.60051
ST01D45X001                   ,"MERMELADA DE AUYAMA, NARANJA Y JENGIBRE A GRANEL POR KG",0.0,0.0,4199.03,739.55,739.55
ME01N00X027                   ,ENVASE PET 200 G. PARA SQUEEZE UNID.,0.0,0.0,5577.0,723.0,723.0
ME01N00X042                   ,CAJA MAYONESA  SASCHET 200 GR,0.0,0.0,498.35533,691.00467,691.00467
MP01N00X090                   ,PULPA DE FRESA CON SEMILLAS 5-8 °BRIX  KG,0.0,0.0,22437.0819,658.4213,658.4213
MP04N00X021                   ,ACIDO CITRICO KG,0.0,0.0,382.36072,633.30708,633.30708
ST01D17X001                   ,MERMELADA PIÑA A GRANEL POR KG,0.0,0.0,4096.746,629.746,629.746
PT04D21X001                   ,Delicias de Belén Mermelada Varietal Parchita 250g,0.0,0.0,11469.0,627.0,627.0
ME03D10X001                   ,ETIQUETA MERMELADA LECHOSA Y PIÑA PREMIUM  200 G. MARCA LAS DELICIAS DE BELEN UNID.,0.0,0.0,2873.0,619.0,619.0
MP01N00X087                   ,PULPA DE DURAZNO 9-10 °BRIX  KG,0.0,0.0,6596.82,604.7,604.7
ME03D18X001                   ,ETIQUETA MERMELADA DE GUAYABA PREMIUM 200 G. MARCA LAS DELICIAS DE BELEN UNID.,0.0,0.0,2063.0,575.0,575.0
PT04D45X001                   ,"Delicias de Belén Mermelada Auyama, Naranja y Jengibre 250g",0.0,0.0,9468.0,549.0,549.0
MP01N00X120                   ,PULPA DE AUYAMA  KG,0.0,0.0,3905.6199,545.5159,545.5159
PT04D42X001                   ,Delicias de Belén Mermelada Lechosa con piña 250g,0.0,0.0,16383.0,485.0,485.0
ST01D42X001                   ,MERMELADA DE LECHOSA CON PIÑA A GRANEL POR KG,0.0,0.0,3190.25,479.75,479.75
ME03D22X002                   ,ETIQUETA MERMELADA DE MANGO PREMIUM 250 G. MARCA LAS DELICIAS DE BELEN UNID.,0.0,0.0,18602.0,466.0,466.0
MP01N00X048                   ,NARANJA  KG,0.0,0.0,8865.58429,440.38143,440.38143
PT04D18X001                   ,Delicias de Belén Mermelada Varietal Guayaba 250g,0.0,0.0,48000.0,439.0,439.0
ME01N00X044                   ,ENVASE PET 520 CC MAYONESA BOLSA X 161,0.0,0.0,84308.0,433.0,433.0
ME03D20X001                   ,ETIQUETA MERMELADA DE MORA PREMIUM 200 G. MARCA LAS DELICIAS DE BELEN UNID.,0.0,0.0,120.0,420.0,420.0
MP01N00X129                   ,CEBOLLA RAYADA KG,0.0,0.0,2443.0975,401.18,401.18
PT04D46X001                   ,Delicias de Belén Mermelada Cebolla con uvas pasas 250g,0.0,0.0,6676.0,397.0,397.0
MP04N00X013                   ,PECTINA RAPIDA KG,0.0,0.0,406.02185,369.20095,369.20095
PT01D36X001                   ,Delicias de Belén Mermelada Mora 200g,0.0,0.0,343.0,295.0,295.0
ST01D14X001                   ,MERMELADA PIÑA PICANTE A GRANEL POR KG,0.0,0.0,2091.25,294.75,294.75
ST01D46X001                   ,MERMELADA DE CEBOLLA CON UVAS PASAS A GRANEL POR KG,0.0,0.0,1734.0,266.0,266.0
PT04D15X001                   ,Delicias de Belén Mermelada Pimentón picante 250g,0.0,0.0,8654.0,265.0,265.0
ME04N00X012                   ,BOBINA BILAMINADA SACHET 200 G. PIPITA,0.0,0.0,173.91788,253.21788,253.21788
MP04N00X023                   ,ERITORBATO DE SODIO (KGS),0.0,0.0,125.09931,240.88929,240.88929
PT01D33X001                   ,Delicias de Belén Mermelada Fresa 200g,0.0,0.0,1038.0,210.0,210.0
MP01N00X108                   ,JUGO DE NARANJA KG,0.0,0.0,5201.45375,209.95375,209.95375
MP04N00X014                   ,ANTIESPUMANTE KG,0.0,0.0,132.63069,204.30527,204.30527
MP04N00X006                   ,ALMIDON MODIFICADO 8916 KG,0.0,0.0,527.76,199.0,199.0
MP01N00X126                   ,PULPA DE MORA CON SEMILLAS 5-8 °BRIX  KG,0.0,0.0,6380.148,176.86,176.86
ST01D22X001                   ,MERMELADA DE MANGO A GRANEL POR KG,0.0,0.0,1499.5,172.5,172.5
PT01D42X001                   ,Delicias de Belén Mermelada Lechosa con Piña 200g,0.0,0.0,890.0,172.0,172.0
PT04D20X001                   ,Delicias de Belén Mermelada Varietal Mora 250g,0.0,0.0,18312.0,157.0,157.0
ME03D16X001                   ,ETIQUETA MERMELADA DE FRESA PREMIUM 200 G. MARCA LAS DELICIAS DE BELEN UNID.,0.0,0.0,680.0,151.0,151.0
PT04D22X001                   ,Delicias de Belén Mermelada Varietal Mango 250g,0.0,0.0,8533.0,147.0,147.0
PT04D23X001                   ,Delicias de Belén Mermelada Varietal Naranja 250g,0.0,0.0,11413.0,142.0,142.0
PT04D14X001                   ,Delicias de Belén Mermelada Piña picante 250g,0.0,0.0,7052.0,117.0,117.0
ME03D14X001                   ,ETIQUETA MERMELADA DE PIÑA RAYADA PICANTE PREMIUM 200 G. MARCA LAS DELICIAS DE BELEN UNID.,0.0,0.0,212.0,112.0,112.0
MP01N00X099                   ,PULPA DE PARCHITA CON SEMILLA KG,0.0,0.0,567.1495,111.9325,111.9325
MP01N00X084                   ,CONCHAS DE NARANJA MACERADAS,0.0,0.0,849.03792,101.67512,101.67512
ME06N00X001                   ,CINTA DE EMBALAR,0.0,0.0,65628.90833,74.71707,74.71707
PT01D45X001                   ,"Delicias de Belén Mermelada Auyama, Naranja y Jemgibre 200g",0.0,0.0,143.0,71.0,71.0
MP01N00X096                   ,PULPA DE PARCHITA SIN SEMILLA  KG,0.0,0.0,5467.87,68.69,68.69
MP04N00X003                   ,ACIDO ASCORBICO KG,0.0,0.0,78.34055,68.51578,68.51578
MP04N00X008                   ,SORBATO DE POTASIO KG,0.0,0.0,59.64,63.6,63.6
PT01D43X001                   ,Delicias de Belén Mermelada Pimentón 200g,0.0,0.0,63.0,62.0,62.0
ME03D19X001                   ,ETIQUETA MERMELADA DE AUYAMA PREMIUM 200 G. MARCA LAS DELICIAS DE BELEN UNID.,0.0,0.0,52.0,48.0,48.0
MP01D01X02                    ,Compuesto 02,0.0,0.0,1177.0,45.0,45.0
PT04D43X001                   ,Delicias de Belén Mermelada Varietal Pimenton 250g,0.0,0.0,12105.0,44.0,44.0
MP01N00X117                   ,AJI PICANTE LICUADO SIN SEMILLAS KG,0.0,0.0,153.5399,29.4651,29.4651
MP01N00X069                   ,JENGIBRE  GRANEL 1 KG,0.0,0.0,73.34,29.06,29.06
MP01N00X060                   ,AUYAMA KG,0.0,0.0,3369.2,29.0,29.0
MP01P01X03                    ,Compuesto 03,0.0,0.0,320.0,28.0,28.0
NP10N00X028                   ,BOBINA STRETCH MANUAL,0.0,0.0,44.0,28.0,28.0
MP01N00X085                   ,CONCHA DE NARANJA EN JULIANAS,0.0,0.0,244.6,27.8,27.8
MP04N00X009                   ,BENZOATO DE SODIO KG,0.0,0.0,25.0,25.0,25.0
MP04N00X017                   ,MALTODEXTRINA KG,0.0,0.0,24.7,24.7,24.7
MP04N00X015                   ,POLIDEXTROSA KG,0.0,0.0,20.9,20.9,20.9
MP01N00X066                   ,AJI PICANTE KG,0.0,0.0,88.8,20.8,20.8
MP04N00X016                   ,ERITRITOL KG,0.0,0.0,19.66,19.66,19.66
ME05N00X012                   ,CARTUCHO DE TINTA,0.0,0.0,,16.0,16.0
MP01D01X20                    ,Compuesto 20,0.0,0.0,,12.0,12.0
MP01N00X132                   ,PASAS RUBIAS PICADAS KG,0.0,0.0,76.80375,11.80375,11.80375
MP01N00X123                   ,JENGIBRE RAYADO KG,0.0,0.0,82.41,6.53,6.53
MP01D16X01                    ,Compuesto 05,0.0,0.0,184.63607,6.30085,6.30085
MP01D17X12                    ,Compuesto 16,0.0,0.0,26.252,5.458,5.458
PT01D35X001                   ,Delicias de Belén Mermelada Guayaba 200g,0.0,0.0,486.0,5.0,5.0
MP01D45X13                    ,Compuesto 17,0.0,0.0,22.483,4.805,4.805
MP01N00X157                   ,CONCHAS DE NARANJA,0.0,0.0,448.2,4.6,4.6
MP01P01X04                    ,Compuesto 04,0.0,0.0,2020.0,4.00563,4.00563
MP01P01X28                    ,COMPUESTO 28- 356 KG,0.0,0.0,67.0,4.0,4.0
MP01N00X072                   ,CEBOLLA  KG,0.0,0.0,1444.8,4.0,4.0
MP01D01X01                    ,Compuesto 01,0.0,0.0,153.0,4.0,4.0
MP01D20X02                    ,Compuesto 06,0.0,0.0,48.995,3.405,3.405
MP01D21X06                    ,Compuesto 10,0.0,0.0,30.2545,3.226,3.226
MP01D18X03                    ,Compuesto 07,0.0,0.0,104.76062,2.51,2.51
MP01N00X003                   ,CHAMPIÑONES  KG,0.0,0.0,,2.0,2.0
PT04D17X001                   ,Delicias de Belén Mermelada Varietal Piña 250g,0.0,0.0,11475.0,2.0,2.0
MP01D14X11                    ,Compuesto 15,0.0,0.0,11.93,1.631,1.631
MP01D15X08                    ,Compuesto 12,0.0,0.0,18.1524,1.0,1.0
MP01D43X07                    ,Compuesto 11,0.0,0.0,27.13,1.0,1.0
MP01N00X033                   ,DURAZNO KG,0.0,0.0,4084.9,0.81,0.81
MP01D23X09                    ,Compuesto 13,0.0,0.0,30.14,0.012,0.012
